CBSA Title,County/County Equivalent,State Name
"Abilene, TX",Callahan County,Texas
"Abilene, TX",Jones County,Texas
"Abilene, TX",Taylor County,Texas
"Aguadilla-Isabela, PR",Aguada Municipio,Puerto Rico
"Aguadilla-Isabela, PR",Aguadilla Municipio,Puerto Rico
"Aguadilla-Isabela, PR",Añasco Municipio,Puerto Rico
"Aguadilla-Isabela, PR",Isabela Municipio,Puerto Rico
"Aguadilla-Isabela, PR",Lares Municipio,Puerto Rico
"Aguadilla-Isabela, PR",Moca Municipio,Puerto Rico
"Aguadilla-Isabela, PR",Rincón Municipio,Puerto Rico
"Aguadilla-Isabela, PR",San Sebastián Municipio,Puerto Rico
"Aguadilla-Isabela, PR",Utuado Municipio,Puerto Rico
"Akron, OH",Portage County,Ohio
"Akron, OH",Summit County,Ohio
"Albany, GA",Dougherty County,Georgia
"Albany, GA",Lee County,Georgia
"Albany, GA",Terrell County,Georgia
"Albany, GA",Worth County,Georgia
"Albany-Lebanon, OR",Linn County,Oregon
"Albany-Schenectady-Troy, NY",Albany County,New York
"Albany-Schenectady-Troy, NY",Rensselaer County,New York
"Albany-Schenectady-Troy, NY",Saratoga County,New York
"Albany-Schenectady-Troy, NY",Schenectady County,New York
"Albany-Schenectady-Troy, NY",Schoharie County,New York
"Albuquerque, NM",Bernalillo County,New Mexico
"Albuquerque, NM",Sandoval County,New Mexico
"Albuquerque, NM",Torrance County,New Mexico
"Albuquerque, NM",Valencia County,New Mexico
"Alexandria, LA",Grant Parish,Louisiana
"Alexandria, LA",Rapides Parish,Louisiana
"Allentown-Bethlehem-Easton, PA-NJ",Warren County,New Jersey
"Allentown-Bethlehem-Easton, PA-NJ",Carbon County,Pennsylvania
"Allentown-Bethlehem-Easton, PA-NJ",Lehigh County,Pennsylvania
"Allentown-Bethlehem-Easton, PA-NJ",Northampton County,Pennsylvania
"Altoona, PA",Blair County,Pennsylvania
"Amarillo, TX",Armstrong County,Texas
"Amarillo, TX",Carson County,Texas
"Amarillo, TX",Oldham County,Texas
"Amarillo, TX",Potter County,Texas
"Amarillo, TX",Randall County,Texas
"Ames, IA",Boone County,Iowa
"Ames, IA",Story County,Iowa
"Anchorage, AK",Anchorage Municipality,Alaska
"Anchorage, AK",Matanuska-Susitna Borough,Alaska
"Ann Arbor, MI",Washtenaw County,Michigan
"Anniston-Oxford, AL",Calhoun County,Alabama
"Appleton, WI",Calumet County,Wisconsin
"Appleton, WI",Outagamie County,Wisconsin
"Arecibo, PR",Arecibo Municipio,Puerto Rico
"Arecibo, PR",Camuy Municipio,Puerto Rico
"Arecibo, PR",Hatillo Municipio,Puerto Rico
"Arecibo, PR",Quebradillas Municipio,Puerto Rico
"Asheville, NC",Buncombe County,North Carolina
"Asheville, NC",Haywood County,North Carolina
"Asheville, NC",Henderson County,North Carolina
"Asheville, NC",Madison County,North Carolina
"Athens-Clarke County, GA",Clarke County,Georgia
"Athens-Clarke County, GA",Madison County,Georgia
"Athens-Clarke County, GA",Oconee County,Georgia
"Athens-Clarke County, GA",Oglethorpe County,Georgia
"Atlanta-Sandy Springs-Alpharetta, GA",Barrow County,Georgia
"Atlanta-Sandy Springs-Alpharetta, GA",Bartow County,Georgia
"Atlanta-Sandy Springs-Alpharetta, GA",Butts County,Georgia
"Atlanta-Sandy Springs-Alpharetta, GA",Carroll County,Georgia
"Atlanta-Sandy Springs-Alpharetta, GA",Cherokee County,Georgia
"Atlanta-Sandy Springs-Alpharetta, GA",Clayton County,Georgia
"Atlanta-Sandy Springs-Alpharetta, GA",Cobb County,Georgia
"Atlanta-Sandy Springs-Alpharetta, GA",Coweta County,Georgia
"Atlanta-Sandy Springs-Alpharetta, GA",Dawson County,Georgia
"Atlanta-Sandy Springs-Alpharetta, GA",DeKalb County,Georgia
"Atlanta-Sandy Springs-Alpharetta, GA",Douglas County,Georgia
"Atlanta-Sandy Springs-Alpharetta, GA",Fayette County,Georgia
"Atlanta-Sandy Springs-Alpharetta, GA",Forsyth County,Georgia
"Atlanta-Sandy Springs-Alpharetta, GA",Fulton County,Georgia
"Atlanta-Sandy Springs-Alpharetta, GA",Gwinnett County,Georgia
"Atlanta-Sandy Springs-Alpharetta, GA",Haralson County,Georgia
"Atlanta-Sandy Springs-Alpharetta, GA",Heard County,Georgia
"Atlanta-Sandy Springs-Alpharetta, GA",Henry County,Georgia
"Atlanta-Sandy Springs-Alpharetta, GA",Jasper County,Georgia
"Atlanta-Sandy Springs-Alpharetta, GA",Lamar County,Georgia
"Atlanta-Sandy Springs-Alpharetta, GA",Meriwether County,Georgia
"Atlanta-Sandy Springs-Alpharetta, GA",Morgan County,Georgia
"Atlanta-Sandy Springs-Alpharetta, GA",Newton County,Georgia
"Atlanta-Sandy Springs-Alpharetta, GA",Paulding County,Georgia
"Atlanta-Sandy Springs-Alpharetta, GA",Pickens County,Georgia
"Atlanta-Sandy Springs-Alpharetta, GA",Pike County,Georgia
"Atlanta-Sandy Springs-Alpharetta, GA",Rockdale County,Georgia
"Atlanta-Sandy Springs-Alpharetta, GA",Spalding County,Georgia
"Atlanta-Sandy Springs-Alpharetta, GA",Walton County,Georgia
"Atlantic City-Hammonton, NJ",Atlantic County,New Jersey
"Auburn-Opelika, AL",Lee County,Alabama
"Augusta-Richmond County, GA-SC",Burke County,Georgia
"Augusta-Richmond County, GA-SC",Columbia County,Georgia
"Augusta-Richmond County, GA-SC",Lincoln County,Georgia
"Augusta-Richmond County, GA-SC",McDuffie County,Georgia
"Augusta-Richmond County, GA-SC",Richmond County,Georgia
"Augusta-Richmond County, GA-SC",Aiken County,South Carolina
"Augusta-Richmond County, GA-SC",Edgefield County,South Carolina
"Austin-Round Rock-Georgetown, TX",Bastrop County,Texas
"Austin-Round Rock-Georgetown, TX",Caldwell County,Texas
"Austin-Round Rock-Georgetown, TX",Hays County,Texas
"Austin-Round Rock-Georgetown, TX",Travis County,Texas
"Austin-Round Rock-Georgetown, TX",Williamson County,Texas
"Bakersfield, CA",Kern County,California
"Baltimore-Columbia-Towson, MD",Anne Arundel County,Maryland
"Baltimore-Columbia-Towson, MD",Baltimore County,Maryland
"Baltimore-Columbia-Towson, MD",Carroll County,Maryland
"Baltimore-Columbia-Towson, MD",Harford County,Maryland
"Baltimore-Columbia-Towson, MD",Howard County,Maryland
"Baltimore-Columbia-Towson, MD",Queen Anne's County,Maryland
"Baltimore-Columbia-Towson, MD",Baltimore city,Maryland
"Bangor, ME",Penobscot County,Maine
"Barnstable Town, MA",Barnstable County,Massachusetts
"Baton Rouge, LA",Ascension Parish,Louisiana
"Baton Rouge, LA",Assumption Parish,Louisiana
"Baton Rouge, LA",East Baton Rouge Parish,Louisiana
"Baton Rouge, LA",East Feliciana Parish,Louisiana
"Baton Rouge, LA",Iberville Parish,Louisiana
"Baton Rouge, LA",Livingston Parish,Louisiana
"Baton Rouge, LA",Pointe Coupee Parish,Louisiana
"Baton Rouge, LA",St. Helena Parish,Louisiana
"Baton Rouge, LA",West Baton Rouge Parish,Louisiana
"Baton Rouge, LA",West Feliciana Parish,Louisiana
"Battle Creek, MI",Calhoun County,Michigan
"Bay City, MI",Bay County,Michigan
"Beaumont-Port Arthur, TX",Hardin County,Texas
"Beaumont-Port Arthur, TX",Jefferson County,Texas
"Beaumont-Port Arthur, TX",Orange County,Texas
"Beckley, WV",Fayette County,West Virginia
"Beckley, WV",Raleigh County,West Virginia
"Bellingham, WA",Whatcom County,Washington
"Bend, OR",Deschutes County,Oregon
"Billings, MT",Carbon County,Montana
"Billings, MT",Stillwater County,Montana
"Billings, MT",Yellowstone County,Montana
"Binghamton, NY",Broome County,New York
"Binghamton, NY",Tioga County,New York
"Birmingham-Hoover, AL",Bibb County,Alabama
"Birmingham-Hoover, AL",Blount County,Alabama
"Birmingham-Hoover, AL",Chilton County,Alabama
"Birmingham-Hoover, AL",Jefferson County,Alabama
"Birmingham-Hoover, AL",St. Clair County,Alabama
"Birmingham-Hoover, AL",Shelby County,Alabama
"Bismarck, ND",Burleigh County,North Dakota
"Bismarck, ND",Morton County,North Dakota
"Bismarck, ND",Oliver County,North Dakota
"Blacksburg-Christiansburg, VA",Giles County,Virginia
"Blacksburg-Christiansburg, VA",Montgomery County,Virginia
"Blacksburg-Christiansburg, VA",Pulaski County,Virginia
"Blacksburg-Christiansburg, VA",Radford city,Virginia
"Bloomington, IL",McLean County,Illinois
"Bloomington, IN",Monroe County,Indiana
"Bloomington, IN",Owen County,Indiana
"Bloomsburg-Berwick, PA",Columbia County,Pennsylvania
"Bloomsburg-Berwick, PA",Montour County,Pennsylvania
"Boise City, ID",Ada County,Idaho
"Boise City, ID",Boise County,Idaho
"Boise City, ID",Canyon County,Idaho
"Boise City, ID",Gem County,Idaho
"Boise City, ID",Owyhee County,Idaho
"Boston-Cambridge-Newton, MA-NH",Norfolk County,Massachusetts
"Boston-Cambridge-Newton, MA-NH",Plymouth County,Massachusetts
"Boston-Cambridge-Newton, MA-NH",Suffolk County,Massachusetts
"Boston-Cambridge-Newton, MA-NH",Essex County,Massachusetts
"Boston-Cambridge-Newton, MA-NH",Middlesex County,Massachusetts
"Boston-Cambridge-Newton, MA-NH",Rockingham County,New Hampshire
"Boston-Cambridge-Newton, MA-NH",Strafford County,New Hampshire
"Boulder, CO",Boulder County,Colorado
"Bowling Green, KY",Allen County,Kentucky
"Bowling Green, KY",Butler County,Kentucky
"Bowling Green, KY",Edmonson County,Kentucky
"Bowling Green, KY",Warren County,Kentucky
"Bremerton-Silverdale-Port Orchard, WA",Kitsap County,Washington
"Bridgeport-Stamford-Norwalk, CT",Fairfield County,Connecticut
"Brownsville-Harlingen, TX",Cameron County,Texas
"Brunswick, GA",Brantley County,Georgia
"Brunswick, GA",Glynn County,Georgia
"Brunswick, GA",McIntosh County,Georgia
"Buffalo-Cheektowaga, NY",Erie County,New York
"Buffalo-Cheektowaga, NY",Niagara County,New York
"Burlington, NC",Alamance County,North Carolina
"Burlington-South Burlington, VT",Chittenden County,Vermont
"Burlington-South Burlington, VT",Franklin County,Vermont
"Burlington-South Burlington, VT",Grand Isle County,Vermont
"California-Lexington Park, MD",St. Mary's County,Maryland
"Canton-Massillon, OH",Carroll County,Ohio
"Canton-Massillon, OH",Stark County,Ohio
"Cape Coral-Fort Myers, FL",Lee County,Florida
"Cape Girardeau, MO-IL",Alexander County,Illinois
"Cape Girardeau, MO-IL",Bollinger County,Missouri
"Cape Girardeau, MO-IL",Cape Girardeau County,Missouri
"Carbondale-Marion, IL",Jackson County,Illinois
"Carbondale-Marion, IL",Johnson County,Illinois
"Carbondale-Marion, IL",Williamson County,Illinois
"Carson City, NV",Carson City,Nevada
"Casper, WY",Natrona County,Wyoming
"Cedar Rapids, IA",Benton County,Iowa
"Cedar Rapids, IA",Jones County,Iowa
"Cedar Rapids, IA",Linn County,Iowa
"Chambersburg-Waynesboro, PA",Franklin County,Pennsylvania
"Champaign-Urbana, IL",Champaign County,Illinois
"Champaign-Urbana, IL",Piatt County,Illinois
"Charleston, WV",Boone County,West Virginia
"Charleston, WV",Clay County,West Virginia
"Charleston, WV",Jackson County,West Virginia
"Charleston, WV",Kanawha County,West Virginia
"Charleston, WV",Lincoln County,West Virginia
"Charleston-North Charleston, SC",Berkeley County,South Carolina
"Charleston-North Charleston, SC",Charleston County,South Carolina
"Charleston-North Charleston, SC",Dorchester County,South Carolina
"Charlotte-Concord-Gastonia, NC-SC",Anson County,North Carolina
"Charlotte-Concord-Gastonia, NC-SC",Cabarrus County,North Carolina
"Charlotte-Concord-Gastonia, NC-SC",Gaston County,North Carolina
"Charlotte-Concord-Gastonia, NC-SC",Iredell County,North Carolina
"Charlotte-Concord-Gastonia, NC-SC",Lincoln County,North Carolina
"Charlotte-Concord-Gastonia, NC-SC",Mecklenburg County,North Carolina
"Charlotte-Concord-Gastonia, NC-SC",Rowan County,North Carolina
"Charlotte-Concord-Gastonia, NC-SC",Union County,North Carolina
"Charlotte-Concord-Gastonia, NC-SC",Chester County,South Carolina
"Charlotte-Concord-Gastonia, NC-SC",Lancaster County,South Carolina
"Charlotte-Concord-Gastonia, NC-SC",York County,South Carolina
"Charlottesville, VA",Albemarle County,Virginia
"Charlottesville, VA",Fluvanna County,Virginia
"Charlottesville, VA",Greene County,Virginia
"Charlottesville, VA",Nelson County,Virginia
"Charlottesville, VA",Charlottesville city,Virginia
"Chattanooga, TN-GA",Catoosa County,Georgia
"Chattanooga, TN-GA",Dade County,Georgia
"Chattanooga, TN-GA",Walker County,Georgia
"Chattanooga, TN-GA",Hamilton County,Tennessee
"Chattanooga, TN-GA",Marion County,Tennessee
"Chattanooga, TN-GA",Sequatchie County,Tennessee
"Cheyenne, WY",Laramie County,Wyoming
"Chicago-Naperville-Elgin, IL-IN-WI",Cook County,Illinois
"Chicago-Naperville-Elgin, IL-IN-WI",DuPage County,Illinois
"Chicago-Naperville-Elgin, IL-IN-WI",Grundy County,Illinois
"Chicago-Naperville-Elgin, IL-IN-WI",McHenry County,Illinois
"Chicago-Naperville-Elgin, IL-IN-WI",Will County,Illinois
"Chicago-Naperville-Elgin, IL-IN-WI",DeKalb County,Illinois
"Chicago-Naperville-Elgin, IL-IN-WI",Kane County,Illinois
"Chicago-Naperville-Elgin, IL-IN-WI",Kendall County,Illinois
"Chicago-Naperville-Elgin, IL-IN-WI",Jasper County,Indiana
"Chicago-Naperville-Elgin, IL-IN-WI",Lake County,Indiana
"Chicago-Naperville-Elgin, IL-IN-WI",Newton County,Indiana
"Chicago-Naperville-Elgin, IL-IN-WI",Porter County,Indiana
"Chicago-Naperville-Elgin, IL-IN-WI",Lake County,Illinois
"Chicago-Naperville-Elgin, IL-IN-WI",Kenosha County,Wisconsin
"Chico, CA",Butte County,California
"Cincinnati, OH-KY-IN",Dearborn County,Indiana
"Cincinnati, OH-KY-IN",Franklin County,Indiana
"Cincinnati, OH-KY-IN",Ohio County,Indiana
"Cincinnati, OH-KY-IN",Union County,Indiana
"Cincinnati, OH-KY-IN",Boone County,Kentucky
"Cincinnati, OH-KY-IN",Bracken County,Kentucky
"Cincinnati, OH-KY-IN",Campbell County,Kentucky
"Cincinnati, OH-KY-IN",Gallatin County,Kentucky
"Cincinnati, OH-KY-IN",Grant County,Kentucky
"Cincinnati, OH-KY-IN",Kenton County,Kentucky
"Cincinnati, OH-KY-IN",Pendleton County,Kentucky
"Cincinnati, OH-KY-IN",Brown County,Ohio
"Cincinnati, OH-KY-IN",Butler County,Ohio
"Cincinnati, OH-KY-IN",Clermont County,Ohio
"Cincinnati, OH-KY-IN",Hamilton County,Ohio
"Cincinnati, OH-KY-IN",Warren County,Ohio
"Clarksville, TN-KY",Christian County,Kentucky
"Clarksville, TN-KY",Trigg County,Kentucky
"Clarksville, TN-KY",Montgomery County,Tennessee
"Clarksville, TN-KY",Stewart County,Tennessee
"Cleveland, TN",Bradley County,Tennessee
"Cleveland, TN",Polk County,Tennessee
"Cleveland-Elyria, OH",Cuyahoga County,Ohio
"Cleveland-Elyria, OH",Geauga County,Ohio
"Cleveland-Elyria, OH",Lake County,Ohio
"Cleveland-Elyria, OH",Lorain County,Ohio
"Cleveland-Elyria, OH",Medina County,Ohio
"Coeur d'Alene, ID",Kootenai County,Idaho
"College Station-Bryan, TX",Brazos County,Texas
"College Station-Bryan, TX",Burleson County,Texas
"College Station-Bryan, TX",Robertson County,Texas
"Colorado Springs, CO",El Paso County,Colorado
"Colorado Springs, CO",Teller County,Colorado
"Columbia, MO",Boone County,Missouri
"Columbia, MO",Cooper County,Missouri
"Columbia, MO",Howard County,Missouri
"Columbia, SC",Calhoun County,South Carolina
"Columbia, SC",Fairfield County,South Carolina
"Columbia, SC",Kershaw County,South Carolina
"Columbia, SC",Lexington County,South Carolina
"Columbia, SC",Richland County,South Carolina
"Columbia, SC",Saluda County,South Carolina
"Columbus, GA-AL",Russell County,Alabama
"Columbus, GA-AL",Chattahoochee County,Georgia
"Columbus, GA-AL",Harris County,Georgia
"Columbus, GA-AL",Marion County,Georgia
"Columbus, GA-AL",Muscogee County,Georgia
"Columbus, GA-AL",Stewart County,Georgia
"Columbus, GA-AL",Talbot County,Georgia
"Columbus, IN",Bartholomew County,Indiana
"Columbus, OH",Delaware County,Ohio
"Columbus, OH",Fairfield County,Ohio
"Columbus, OH",Franklin County,Ohio
"Columbus, OH",Hocking County,Ohio
"Columbus, OH",Licking County,Ohio
"Columbus, OH",Madison County,Ohio
"Columbus, OH",Morrow County,Ohio
"Columbus, OH",Perry County,Ohio
"Columbus, OH",Pickaway County,Ohio
"Columbus, OH",Union County,Ohio
"Corpus Christi, TX",Nueces County,Texas
"Corpus Christi, TX",San Patricio County,Texas
"Corvallis, OR",Benton County,Oregon
"Crestview-Fort Walton Beach-Destin, FL",Okaloosa County,Florida
"Crestview-Fort Walton Beach-Destin, FL",Walton County,Florida
"Cumberland, MD-WV",Allegany County,Maryland
"Cumberland, MD-WV",Mineral County,West Virginia
"Dallas-Fort Worth-Arlington, TX",Collin County,Texas
"Dallas-Fort Worth-Arlington, TX",Dallas County,Texas
"Dallas-Fort Worth-Arlington, TX",Denton County,Texas
"Dallas-Fort Worth-Arlington, TX",Ellis County,Texas
"Dallas-Fort Worth-Arlington, TX",Hunt County,Texas
"Dallas-Fort Worth-Arlington, TX",Kaufman County,Texas
"Dallas-Fort Worth-Arlington, TX",Rockwall County,Texas
"Dallas-Fort Worth-Arlington, TX",Johnson County,Texas
"Dallas-Fort Worth-Arlington, TX",Parker County,Texas
"Dallas-Fort Worth-Arlington, TX",Tarrant County,Texas
"Dallas-Fort Worth-Arlington, TX",Wise County,Texas
"Dalton, GA",Murray County,Georgia
"Dalton, GA",Whitfield County,Georgia
"Danville, IL",Vermilion County,Illinois
"Daphne-Fairhope-Foley, AL",Baldwin County,Alabama
"Davenport-Moline-Rock Island, IA-IL",Henry County,Illinois
"Davenport-Moline-Rock Island, IA-IL",Mercer County,Illinois
"Davenport-Moline-Rock Island, IA-IL",Rock Island County,Illinois
"Davenport-Moline-Rock Island, IA-IL",Scott County,Iowa
"Dayton-Kettering, OH",Greene County,Ohio
"Dayton-Kettering, OH",Miami County,Ohio
"Dayton-Kettering, OH",Montgomery County,Ohio
"Decatur, AL",Lawrence County,Alabama
"Decatur, AL",Morgan County,Alabama
"Decatur, IL",Macon County,Illinois
"Deltona-Daytona Beach-Ormond Beach, FL",Flagler County,Florida
"Deltona-Daytona Beach-Ormond Beach, FL",Volusia County,Florida
"Denver-Aurora-Lakewood, CO",Adams County,Colorado
"Denver-Aurora-Lakewood, CO",Arapahoe County,Colorado
"Denver-Aurora-Lakewood, CO",Broomfield County,Colorado
"Denver-Aurora-Lakewood, CO",Clear Creek County,Colorado
"Denver-Aurora-Lakewood, CO",Denver County,Colorado
"Denver-Aurora-Lakewood, CO",Douglas County,Colorado
"Denver-Aurora-Lakewood, CO",Elbert County,Colorado
"Denver-Aurora-Lakewood, CO",Gilpin County,Colorado
"Denver-Aurora-Lakewood, CO",Jefferson County,Colorado
"Denver-Aurora-Lakewood, CO",Park County,Colorado
"Des Moines-West Des Moines, IA",Dallas County,Iowa
"Des Moines-West Des Moines, IA",Guthrie County,Iowa
"Des Moines-West Des Moines, IA",Jasper County,Iowa
"Des Moines-West Des Moines, IA",Madison County,Iowa
"Des Moines-West Des Moines, IA",Polk County,Iowa
"Des Moines-West Des Moines, IA",Warren County,Iowa
"Detroit-Warren-Dearborn, MI",Wayne County,Michigan
"Detroit-Warren-Dearborn, MI",Lapeer County,Michigan
"Detroit-Warren-Dearborn, MI",Livingston County,Michigan
"Detroit-Warren-Dearborn, MI",Macomb County,Michigan
"Detroit-Warren-Dearborn, MI",Oakland County,Michigan
"Detroit-Warren-Dearborn, MI",St. Clair County,Michigan
"Dothan, AL",Geneva County,Alabama
"Dothan, AL",Henry County,Alabama
"Dothan, AL",Houston County,Alabama
"Dover, DE",Kent County,Delaware
"Dubuque, IA",Dubuque County,Iowa
"Duluth, MN-WI",Carlton County,Minnesota
"Duluth, MN-WI",Lake County,Minnesota
"Duluth, MN-WI",St. Louis County,Minnesota
"Duluth, MN-WI",Douglas County,Wisconsin
"Durham-Chapel Hill, NC",Chatham County,North Carolina
"Durham-Chapel Hill, NC",Durham County,North Carolina
"Durham-Chapel Hill, NC",Granville County,North Carolina
"Durham-Chapel Hill, NC",Orange County,North Carolina
"Durham-Chapel Hill, NC",Person County,North Carolina
"East Stroudsburg, PA",Monroe County,Pennsylvania
"Eau Claire, WI",Chippewa County,Wisconsin
"Eau Claire, WI",Eau Claire County,Wisconsin
"El Centro, CA",Imperial County,California
"Elizabethtown-Fort Knox, KY",Hardin County,Kentucky
"Elizabethtown-Fort Knox, KY",Larue County,Kentucky
"Elizabethtown-Fort Knox, KY",Meade County,Kentucky
"Elkhart-Goshen, IN",Elkhart County,Indiana
"Elmira, NY",Chemung County,New York
"El Paso, TX",El Paso County,Texas
"El Paso, TX",Hudspeth County,Texas
"Enid, OK",Garfield County,Oklahoma
"Erie, PA",Erie County,Pennsylvania
"Eugene-Springfield, OR",Lane County,Oregon
"Evansville, IN-KY",Posey County,Indiana
"Evansville, IN-KY",Vanderburgh County,Indiana
"Evansville, IN-KY",Warrick County,Indiana
"Evansville, IN-KY",Henderson County,Kentucky
"Fairbanks, AK",Fairbanks North Star Borough,Alaska
"Fargo, ND-MN",Clay County,Minnesota
"Fargo, ND-MN",Cass County,North Dakota
"Farmington, NM",San Juan County,New Mexico
"Fayetteville, NC",Cumberland County,North Carolina
"Fayetteville, NC",Harnett County,North Carolina
"Fayetteville, NC",Hoke County,North Carolina
"Fayetteville-Springdale-Rogers, AR",Benton County,Arkansas
"Fayetteville-Springdale-Rogers, AR",Madison County,Arkansas
"Fayetteville-Springdale-Rogers, AR",Washington County,Arkansas
"Flagstaff, AZ",Coconino County,Arizona
"Flint, MI",Genesee County,Michigan
"Florence, SC",Darlington County,South Carolina
"Florence, SC",Florence County,South Carolina
"Florence-Muscle Shoals, AL",Colbert County,Alabama
"Florence-Muscle Shoals, AL",Lauderdale County,Alabama
"Fond du Lac, WI",Fond du Lac County,Wisconsin
"Fort Collins, CO",Larimer County,Colorado
"Fort Smith, AR-OK",Crawford County,Arkansas
"Fort Smith, AR-OK",Franklin County,Arkansas
"Fort Smith, AR-OK",Sebastian County,Arkansas
"Fort Smith, AR-OK",Sequoyah County,Oklahoma
"Fort Wayne, IN",Allen County,Indiana
"Fort Wayne, IN",Whitley County,Indiana
"Fresno, CA",Fresno County,California
"Gadsden, AL",Etowah County,Alabama
"Gainesville, FL",Alachua County,Florida
"Gainesville, FL",Gilchrist County,Florida
"Gainesville, FL",Levy County,Florida
"Gainesville, GA",Hall County,Georgia
"Gettysburg, PA",Adams County,Pennsylvania
"Glens Falls, NY",Warren County,New York
"Glens Falls, NY",Washington County,New York
"Goldsboro, NC",Wayne County,North Carolina
"Grand Forks, ND-MN",Polk County,Minnesota
"Grand Forks, ND-MN",Grand Forks County,North Dakota
"Grand Island, NE",Hall County,Nebraska
"Grand Island, NE",Howard County,Nebraska
"Grand Island, NE",Merrick County,Nebraska
"Grand Junction, CO",Mesa County,Colorado
"Grand Rapids-Kentwood, MI",Ionia County,Michigan
"Grand Rapids-Kentwood, MI",Kent County,Michigan
"Grand Rapids-Kentwood, MI",Montcalm County,Michigan
"Grand Rapids-Kentwood, MI",Ottawa County,Michigan
"Grants Pass, OR",Josephine County,Oregon
"Great Falls, MT",Cascade County,Montana
"Greeley, CO",Weld County,Colorado
"Green Bay, WI",Brown County,Wisconsin
"Green Bay, WI",Kewaunee County,Wisconsin
"Green Bay, WI",Oconto County,Wisconsin
"Greensboro-High Point, NC",Guilford County,North Carolina
"Greensboro-High Point, NC",Randolph County,North Carolina
"Greensboro-High Point, NC",Rockingham County,North Carolina
"Greenville, NC",Pitt County,North Carolina
"Greenville-Anderson, SC",Anderson County,South Carolina
"Greenville-Anderson, SC",Greenville County,South Carolina
"Greenville-Anderson, SC",Laurens County,South Carolina
"Greenville-Anderson, SC",Pickens County,South Carolina
"Guayama, PR",Arroyo Municipio,Puerto Rico
"Guayama, PR",Guayama Municipio,Puerto Rico
"Guayama, PR",Patillas Municipio,Puerto Rico
"Gulfport-Biloxi, MS",Hancock County,Mississippi
"Gulfport-Biloxi, MS",Harrison County,Mississippi
"Gulfport-Biloxi, MS",Jackson County,Mississippi
"Gulfport-Biloxi, MS",Stone County,Mississippi
"Hagerstown-Martinsburg, MD-WV",Washington County,Maryland
"Hagerstown-Martinsburg, MD-WV",Berkeley County,West Virginia
"Hagerstown-Martinsburg, MD-WV",Morgan County,West Virginia
"Hammond, LA",Tangipahoa Parish,Louisiana
"Hanford-Corcoran, CA",Kings County,California
"Harrisburg-Carlisle, PA",Cumberland County,Pennsylvania
"Harrisburg-Carlisle, PA",Dauphin County,Pennsylvania
"Harrisburg-Carlisle, PA",Perry County,Pennsylvania
"Harrisonburg, VA",Rockingham County,Virginia
"Harrisonburg, VA",Harrisonburg city,Virginia
"Hartford-East Hartford-Middletown, CT",Hartford County,Connecticut
"Hartford-East Hartford-Middletown, CT",Middlesex County,Connecticut
"Hartford-East Hartford-Middletown, CT",Tolland County,Connecticut
"Hattiesburg, MS",Covington County,Mississippi
"Hattiesburg, MS",Forrest County,Mississippi
"Hattiesburg, MS",Lamar County,Mississippi
"Hattiesburg, MS",Perry County,Mississippi
"Hickory-Lenoir-Morganton, NC",Alexander County,North Carolina
"Hickory-Lenoir-Morganton, NC",Burke County,North Carolina
"Hickory-Lenoir-Morganton, NC",Caldwell County,North Carolina
"Hickory-Lenoir-Morganton, NC",Catawba County,North Carolina
"Hilton Head Island-Bluffton, SC",Beaufort County,South Carolina
"Hilton Head Island-Bluffton, SC",Jasper County,South Carolina
"Hinesville, GA",Liberty County,Georgia
"Hinesville, GA",Long County,Georgia
"Homosassa Springs, FL",Citrus County,Florida
"Hot Springs, AR",Garland County,Arkansas
"Houma-Thibodaux, LA",Lafourche Parish,Louisiana
"Houma-Thibodaux, LA",Terrebonne Parish,Louisiana
"Houston-The Woodlands-Sugar Land, TX",Austin County,Texas
"Houston-The Woodlands-Sugar Land, TX",Brazoria County,Texas
"Houston-The Woodlands-Sugar Land, TX",Chambers County,Texas
"Houston-The Woodlands-Sugar Land, TX",Fort Bend County,Texas
"Houston-The Woodlands-Sugar Land, TX",Galveston County,Texas
"Houston-The Woodlands-Sugar Land, TX",Harris County,Texas
"Houston-The Woodlands-Sugar Land, TX",Liberty County,Texas
"Houston-The Woodlands-Sugar Land, TX",Montgomery County,Texas
"Houston-The Woodlands-Sugar Land, TX",Waller County,Texas
"Huntington-Ashland, WV-KY-OH",Boyd County,Kentucky
"Huntington-Ashland, WV-KY-OH",Carter County,Kentucky
"Huntington-Ashland, WV-KY-OH",Greenup County,Kentucky
"Huntington-Ashland, WV-KY-OH",Lawrence County,Ohio
"Huntington-Ashland, WV-KY-OH",Cabell County,West Virginia
"Huntington-Ashland, WV-KY-OH",Putnam County,West Virginia
"Huntington-Ashland, WV-KY-OH",Wayne County,West Virginia
"Huntsville, AL",Limestone County,Alabama
"Huntsville, AL",Madison County,Alabama
"Idaho Falls, ID",Bonneville County,Idaho
"Idaho Falls, ID",Butte County,Idaho
"Idaho Falls, ID",Jefferson County,Idaho
"Indianapolis-Carmel-Anderson, IN",Boone County,Indiana
"Indianapolis-Carmel-Anderson, IN",Brown County,Indiana
"Indianapolis-Carmel-Anderson, IN",Hamilton County,Indiana
"Indianapolis-Carmel-Anderson, IN",Hancock County,Indiana
"Indianapolis-Carmel-Anderson, IN",Hendricks County,Indiana
"Indianapolis-Carmel-Anderson, IN",Johnson County,Indiana
"Indianapolis-Carmel-Anderson, IN",Madison County,Indiana
"Indianapolis-Carmel-Anderson, IN",Marion County,Indiana
"Indianapolis-Carmel-Anderson, IN",Morgan County,Indiana
"Indianapolis-Carmel-Anderson, IN",Putnam County,Indiana
"Indianapolis-Carmel-Anderson, IN",Shelby County,Indiana
"Iowa City, IA",Johnson County,Iowa
"Iowa City, IA",Washington County,Iowa
"Ithaca, NY",Tompkins County,New York
"Jackson, MI",Jackson County,Michigan
"Jackson, MS",Copiah County,Mississippi
"Jackson, MS",Hinds County,Mississippi
"Jackson, MS",Holmes County,Mississippi
"Jackson, MS",Madison County,Mississippi
"Jackson, MS",Rankin County,Mississippi
"Jackson, MS",Simpson County,Mississippi
"Jackson, MS",Yazoo County,Mississippi
"Jackson, TN",Chester County,Tennessee
"Jackson, TN",Crockett County,Tennessee
"Jackson, TN",Gibson County,Tennessee
"Jackson, TN",Madison County,Tennessee
"Jacksonville, FL",Baker County,Florida
"Jacksonville, FL",Clay County,Florida
"Jacksonville, FL",Duval County,Florida
"Jacksonville, FL",Nassau County,Florida
"Jacksonville, FL",St. Johns County,Florida
"Jacksonville, NC",Onslow County,North Carolina
"Janesville-Beloit, WI",Rock County,Wisconsin
"Jefferson City, MO",Callaway County,Missouri
"Jefferson City, MO",Cole County,Missouri
"Jefferson City, MO",Moniteau County,Missouri
"Jefferson City, MO",Osage County,Missouri
"Johnson City, TN",Carter County,Tennessee
"Johnson City, TN",Unicoi County,Tennessee
"Johnson City, TN",Washington County,Tennessee
"Johnstown, PA",Cambria County,Pennsylvania
"Jonesboro, AR",Craighead County,Arkansas
"Jonesboro, AR",Poinsett County,Arkansas
"Joplin, MO",Jasper County,Missouri
"Joplin, MO",Newton County,Missouri
"Kahului-Wailuku-Lahaina, HI",Maui County,Hawaii
"Kalamazoo-Portage, MI",Kalamazoo County,Michigan
"Kankakee, IL",Kankakee County,Illinois
"Kansas City, MO-KS",Johnson County,Kansas
"Kansas City, MO-KS",Leavenworth County,Kansas
"Kansas City, MO-KS",Linn County,Kansas
"Kansas City, MO-KS",Miami County,Kansas
"Kansas City, MO-KS",Wyandotte County,Kansas
"Kansas City, MO-KS",Bates County,Missouri
"Kansas City, MO-KS",Caldwell County,Missouri
"Kansas City, MO-KS",Cass County,Missouri
"Kansas City, MO-KS",Clay County,Missouri
"Kansas City, MO-KS",Clinton County,Missouri
"Kansas City, MO-KS",Jackson County,Missouri
"Kansas City, MO-KS",Lafayette County,Missouri
"Kansas City, MO-KS",Platte County,Missouri
"Kansas City, MO-KS",Ray County,Missouri
"Kennewick-Richland, WA",Benton County,Washington
"Kennewick-Richland, WA",Franklin County,Washington
"Killeen-Temple, TX",Bell County,Texas
"Killeen-Temple, TX",Coryell County,Texas
"Killeen-Temple, TX",Lampasas County,Texas
"Kingsport-Bristol, TN-VA",Hawkins County,Tennessee
"Kingsport-Bristol, TN-VA",Sullivan County,Tennessee
"Kingsport-Bristol, TN-VA",Scott County,Virginia
"Kingsport-Bristol, TN-VA",Washington County,Virginia
"Kingsport-Bristol, TN-VA",Bristol city,Virginia
"Kingston, NY",Ulster County,New York
"Knoxville, TN",Anderson County,Tennessee
"Knoxville, TN",Blount County,Tennessee
"Knoxville, TN",Campbell County,Tennessee
"Knoxville, TN",Knox County,Tennessee
"Knoxville, TN",Loudon County,Tennessee
"Knoxville, TN",Morgan County,Tennessee
"Knoxville, TN",Roane County,Tennessee
"Knoxville, TN",Union County,Tennessee
"Kokomo, IN",Howard County,Indiana
"La Crosse-Onalaska, WI-MN",Houston County,Minnesota
"La Crosse-Onalaska, WI-MN",La Crosse County,Wisconsin
"Lafayette, LA",Acadia Parish,Louisiana
"Lafayette, LA",Iberia Parish,Louisiana
"Lafayette, LA",Lafayette Parish,Louisiana
"Lafayette, LA",St. Martin Parish,Louisiana
"Lafayette, LA",Vermilion Parish,Louisiana
"Lafayette-West Lafayette, IN",Benton County,Indiana
"Lafayette-West Lafayette, IN",Carroll County,Indiana
"Lafayette-West Lafayette, IN",Tippecanoe County,Indiana
"Lafayette-West Lafayette, IN",Warren County,Indiana
"Lake Charles, LA",Calcasieu Parish,Louisiana
"Lake Charles, LA",Cameron Parish,Louisiana
"Lake Havasu City-Kingman, AZ",Mohave County,Arizona
"Lakeland-Winter Haven, FL",Polk County,Florida
"Lancaster, PA",Lancaster County,Pennsylvania
"Lansing-East Lansing, MI",Clinton County,Michigan
"Lansing-East Lansing, MI",Eaton County,Michigan
"Lansing-East Lansing, MI",Ingham County,Michigan
"Lansing-East Lansing, MI",Shiawassee County,Michigan
"Laredo, TX",Webb County,Texas
"Las Cruces, NM",Doña Ana County,New Mexico
"Las Vegas-Henderson-Paradise, NV",Clark County,Nevada
"Lawrence, KS",Douglas County,Kansas
"Lawton, OK",Comanche County,Oklahoma
"Lawton, OK",Cotton County,Oklahoma
"Lebanon, PA",Lebanon County,Pennsylvania
"Lewiston, ID-WA",Nez Perce County,Idaho
"Lewiston, ID-WA",Asotin County,Washington
"Lewiston-Auburn, ME",Androscoggin County,Maine
"Lexington-Fayette, KY",Bourbon County,Kentucky
"Lexington-Fayette, KY",Clark County,Kentucky
"Lexington-Fayette, KY",Fayette County,Kentucky
"Lexington-Fayette, KY",Jessamine County,Kentucky
"Lexington-Fayette, KY",Scott County,Kentucky
"Lexington-Fayette, KY",Woodford County,Kentucky
"Lima, OH",Allen County,Ohio
"Lincoln, NE",Lancaster County,Nebraska
"Lincoln, NE",Seward County,Nebraska
"Little Rock-North Little Rock-Conway, AR",Faulkner County,Arkansas
"Little Rock-North Little Rock-Conway, AR",Grant County,Arkansas
"Little Rock-North Little Rock-Conway, AR",Lonoke County,Arkansas
"Little Rock-North Little Rock-Conway, AR",Perry County,Arkansas
"Little Rock-North Little Rock-Conway, AR",Pulaski County,Arkansas
"Little Rock-North Little Rock-Conway, AR",Saline County,Arkansas
"Logan, UT-ID",Franklin County,Idaho
"Logan, UT-ID",Cache County,Utah
"Longview, TX",Gregg County,Texas
"Longview, TX",Harrison County,Texas
"Longview, TX",Rusk County,Texas
"Longview, TX",Upshur County,Texas
"Longview, WA",Cowlitz County,Washington
"Los Angeles-Long Beach-Anaheim, CA",Orange County,California
"Los Angeles-Long Beach-Anaheim, CA",Los Angeles County,California
"Louisville/Jefferson County, KY-IN",Clark County,Indiana
"Louisville/Jefferson County, KY-IN",Floyd County,Indiana
"Louisville/Jefferson County, KY-IN",Harrison County,Indiana
"Louisville/Jefferson County, KY-IN",Washington County,Indiana
"Louisville/Jefferson County, KY-IN",Bullitt County,Kentucky
"Louisville/Jefferson County, KY-IN",Henry County,Kentucky
"Louisville/Jefferson County, KY-IN",Jefferson County,Kentucky
"Louisville/Jefferson County, KY-IN",Oldham County,Kentucky
"Louisville/Jefferson County, KY-IN",Shelby County,Kentucky
"Louisville/Jefferson County, KY-IN",Spencer County,Kentucky
"Lubbock, TX",Crosby County,Texas
"Lubbock, TX",Lubbock County,Texas
"Lubbock, TX",Lynn County,Texas
"Lynchburg, VA",Amherst County,Virginia
"Lynchburg, VA",Appomattox County,Virginia
"Lynchburg, VA",Bedford County,Virginia
"Lynchburg, VA",Campbell County,Virginia
"Lynchburg, VA",Lynchburg city,Virginia
"Macon-Bibb County, GA",Bibb County,Georgia
"Macon-Bibb County, GA",Crawford County,Georgia
"Macon-Bibb County, GA",Jones County,Georgia
"Macon-Bibb County, GA",Monroe County,Georgia
"Macon-Bibb County, GA",Twiggs County,Georgia
"Madera, CA",Madera County,California
"Madison, WI",Columbia County,Wisconsin
"Madison, WI",Dane County,Wisconsin
"Madison, WI",Green County,Wisconsin
"Madison, WI",Iowa County,Wisconsin
"Manchester-Nashua, NH",Hillsborough County,New Hampshire
"Manhattan, KS",Geary County,Kansas
"Manhattan, KS",Pottawatomie County,Kansas
"Manhattan, KS",Riley County,Kansas
"Mankato, MN",Blue Earth County,Minnesota
"Mankato, MN",Nicollet County,Minnesota
"Mansfield, OH",Richland County,Ohio
"Mayagüez, PR",Hormigueros Municipio,Puerto Rico
"Mayagüez, PR",Las Marías Municipio,Puerto Rico
"Mayagüez, PR",Mayagüez Municipio,Puerto Rico
"McAllen-Edinburg-Mission, TX",Hidalgo County,Texas
"Medford, OR",Jackson County,Oregon
"Memphis, TN-MS-AR",Crittenden County,Arkansas
"Memphis, TN-MS-AR",DeSoto County,Mississippi
"Memphis, TN-MS-AR",Marshall County,Mississippi
"Memphis, TN-MS-AR",Tate County,Mississippi
"Memphis, TN-MS-AR",Tunica County,Mississippi
"Memphis, TN-MS-AR",Fayette County,Tennessee
"Memphis, TN-MS-AR",Shelby County,Tennessee
"Memphis, TN-MS-AR",Tipton County,Tennessee
"Merced, CA",Merced County,California
"Miami-Fort Lauderdale-Pompano Beach, FL",Broward County,Florida
"Miami-Fort Lauderdale-Pompano Beach, FL",Miami-Dade County,Florida
"Miami-Fort Lauderdale-Pompano Beach, FL",Palm Beach County,Florida
"Michigan City-La Porte, IN",LaPorte County,Indiana
"Midland, MI",Midland County,Michigan
"Midland, TX",Martin County,Texas
"Midland, TX",Midland County,Texas
"Milwaukee-Waukesha, WI",Milwaukee County,Wisconsin
"Milwaukee-Waukesha, WI",Ozaukee County,Wisconsin
"Milwaukee-Waukesha, WI",Washington County,Wisconsin
"Milwaukee-Waukesha, WI",Waukesha County,Wisconsin
"Minneapolis-St. Paul-Bloomington, MN-WI",Anoka County,Minnesota
"Minneapolis-St. Paul-Bloomington, MN-WI",Carver County,Minnesota
"Minneapolis-St. Paul-Bloomington, MN-WI",Chisago County,Minnesota
"Minneapolis-St. Paul-Bloomington, MN-WI",Dakota County,Minnesota
"Minneapolis-St. Paul-Bloomington, MN-WI",Hennepin County,Minnesota
"Minneapolis-St. Paul-Bloomington, MN-WI",Isanti County,Minnesota
"Minneapolis-St. Paul-Bloomington, MN-WI",Le Sueur County,Minnesota
"Minneapolis-St. Paul-Bloomington, MN-WI",Mille Lacs County,Minnesota
"Minneapolis-St. Paul-Bloomington, MN-WI",Ramsey County,Minnesota
"Minneapolis-St. Paul-Bloomington, MN-WI",Scott County,Minnesota
"Minneapolis-St. Paul-Bloomington, MN-WI",Sherburne County,Minnesota
"Minneapolis-St. Paul-Bloomington, MN-WI",Washington County,Minnesota
"Minneapolis-St. Paul-Bloomington, MN-WI",Wright County,Minnesota
"Minneapolis-St. Paul-Bloomington, MN-WI",Pierce County,Wisconsin
"Minneapolis-St. Paul-Bloomington, MN-WI",St. Croix County,Wisconsin
"Missoula, MT",Missoula County,Montana
"Mobile, AL",Mobile County,Alabama
"Mobile, AL",Washington County,Alabama
"Modesto, CA",Stanislaus County,California
"Monroe, LA",Morehouse Parish,Louisiana
"Monroe, LA",Ouachita Parish,Louisiana
"Monroe, LA",Union Parish,Louisiana
"Monroe, MI",Monroe County,Michigan
"Montgomery, AL",Autauga County,Alabama
"Montgomery, AL",Elmore County,Alabama
"Montgomery, AL",Lowndes County,Alabama
"Montgomery, AL",Montgomery County,Alabama
"Morgantown, WV",Monongalia County,West Virginia
"Morgantown, WV",Preston County,West Virginia
"Morristown, TN",Grainger County,Tennessee
"Morristown, TN",Hamblen County,Tennessee
"Morristown, TN",Jefferson County,Tennessee
"Mount Vernon-Anacortes, WA",Skagit County,Washington
"Muncie, IN",Delaware County,Indiana
"Muskegon, MI",Muskegon County,Michigan
"Myrtle Beach-Conway-North Myrtle Beach, SC-NC",Brunswick County,North Carolina
"Myrtle Beach-Conway-North Myrtle Beach, SC-NC",Horry County,South Carolina
"Napa, CA",Napa County,California
"Naples-Marco Island, FL",Collier County,Florida
"Nashville-Davidson--Murfreesboro--Franklin, TN",Cannon County,Tennessee
"Nashville-Davidson--Murfreesboro--Franklin, TN",Cheatham County,Tennessee
"Nashville-Davidson--Murfreesboro--Franklin, TN",Davidson County,Tennessee
"Nashville-Davidson--Murfreesboro--Franklin, TN",Dickson County,Tennessee
"Nashville-Davidson--Murfreesboro--Franklin, TN",Macon County,Tennessee
"Nashville-Davidson--Murfreesboro--Franklin, TN",Maury County,Tennessee
"Nashville-Davidson--Murfreesboro--Franklin, TN",Robertson County,Tennessee
"Nashville-Davidson--Murfreesboro--Franklin, TN",Rutherford County,Tennessee
"Nashville-Davidson--Murfreesboro--Franklin, TN",Smith County,Tennessee
"Nashville-Davidson--Murfreesboro--Franklin, TN",Sumner County,Tennessee
"Nashville-Davidson--Murfreesboro--Franklin, TN",Trousdale County,Tennessee
"Nashville-Davidson--Murfreesboro--Franklin, TN",Williamson County,Tennessee
"Nashville-Davidson--Murfreesboro--Franklin, TN",Wilson County,Tennessee
"New Bern, NC",Craven County,North Carolina
"New Bern, NC",Jones County,North Carolina
"New Bern, NC",Pamlico County,North Carolina
"New Haven-Milford, CT",New Haven County,Connecticut
"New Orleans-Metairie, LA",Jefferson Parish,Louisiana
"New Orleans-Metairie, LA",Orleans Parish,Louisiana
"New Orleans-Metairie, LA",Plaquemines Parish,Louisiana
"New Orleans-Metairie, LA",St. Bernard Parish,Louisiana
"New Orleans-Metairie, LA",St. Charles Parish,Louisiana
"New Orleans-Metairie, LA",St. James Parish,Louisiana
"New Orleans-Metairie, LA",St. John the Baptist Parish,Louisiana
"New Orleans-Metairie, LA",St. Tammany Parish,Louisiana
"New York-Newark-Jersey City, NY-NJ-PA",Nassau County,New York
"New York-Newark-Jersey City, NY-NJ-PA",Suffolk County,New York
"New York-Newark-Jersey City, NY-NJ-PA",Essex County,New Jersey
"New York-Newark-Jersey City, NY-NJ-PA",Hunterdon County,New Jersey
"New York-Newark-Jersey City, NY-NJ-PA",Morris County,New Jersey
"New York-Newark-Jersey City, NY-NJ-PA",Sussex County,New Jersey
"New York-Newark-Jersey City, NY-NJ-PA",Union County,New Jersey
"New York-Newark-Jersey City, NY-NJ-PA",Pike County,Pennsylvania
"New York-Newark-Jersey City, NY-NJ-PA",Middlesex County,New Jersey
"New York-Newark-Jersey City, NY-NJ-PA",Monmouth County,New Jersey
"New York-Newark-Jersey City, NY-NJ-PA",Ocean County,New Jersey
"New York-Newark-Jersey City, NY-NJ-PA",Somerset County,New Jersey
"New York-Newark-Jersey City, NY-NJ-PA",Bergen County,New Jersey
"New York-Newark-Jersey City, NY-NJ-PA",Hudson County,New Jersey
"New York-Newark-Jersey City, NY-NJ-PA",Passaic County,New Jersey
"New York-Newark-Jersey City, NY-NJ-PA",Bronx County,New York
"New York-Newark-Jersey City, NY-NJ-PA",Kings County,New York
"New York-Newark-Jersey City, NY-NJ-PA",New York County,New York
"New York-Newark-Jersey City, NY-NJ-PA",Putnam County,New York
"New York-Newark-Jersey City, NY-NJ-PA",Queens County,New York
"New York-Newark-Jersey City, NY-NJ-PA",Richmond County,New York
"New York-Newark-Jersey City, NY-NJ-PA",Rockland County,New York
"New York-Newark-Jersey City, NY-NJ-PA",Westchester County,New York
"Niles, MI",Berrien County,Michigan
"North Port-Sarasota-Bradenton, FL",Manatee County,Florida
"North Port-Sarasota-Bradenton, FL",Sarasota County,Florida
"Norwich-New London, CT",New London County,Connecticut
"Ocala, FL",Marion County,Florida
"Ocean City, NJ",Cape May County,New Jersey
"Odessa, TX",Ector County,Texas
"Ogden-Clearfield, UT",Box Elder County,Utah
"Ogden-Clearfield, UT",Davis County,Utah
"Ogden-Clearfield, UT",Morgan County,Utah
"Ogden-Clearfield, UT",Weber County,Utah
"Oklahoma City, OK",Canadian County,Oklahoma
"Oklahoma City, OK",Cleveland County,Oklahoma
"Oklahoma City, OK",Grady County,Oklahoma
"Oklahoma City, OK",Lincoln County,Oklahoma
"Oklahoma City, OK",Logan County,Oklahoma
"Oklahoma City, OK",McClain County,Oklahoma
"Oklahoma City, OK",Oklahoma County,Oklahoma
"Olympia-Lacey-Tumwater, WA",Thurston County,Washington
"Omaha-Council Bluffs, NE-IA",Harrison County,Iowa
"Omaha-Council Bluffs, NE-IA",Mills County,Iowa
"Omaha-Council Bluffs, NE-IA",Pottawattamie County,Iowa
"Omaha-Council Bluffs, NE-IA",Cass County,Nebraska
"Omaha-Council Bluffs, NE-IA",Douglas County,Nebraska
"Omaha-Council Bluffs, NE-IA",Sarpy County,Nebraska
"Omaha-Council Bluffs, NE-IA",Saunders County,Nebraska
"Omaha-Council Bluffs, NE-IA",Washington County,Nebraska
"Orlando-Kissimmee-Sanford, FL",Lake County,Florida
"Orlando-Kissimmee-Sanford, FL",Orange County,Florida
"Orlando-Kissimmee-Sanford, FL",Osceola County,Florida
"Orlando-Kissimmee-Sanford, FL",Seminole County,Florida
"Oshkosh-Neenah, WI",Winnebago County,Wisconsin
"Owensboro, KY",Daviess County,Kentucky
"Owensboro, KY",Hancock County,Kentucky
"Owensboro, KY",McLean County,Kentucky
"Oxnard-Thousand Oaks-Ventura, CA",Ventura County,California
"Palm Bay-Melbourne-Titusville, FL",Brevard County,Florida
"Panama City, FL",Bay County,Florida
"Parkersburg-Vienna, WV",Wirt County,West Virginia
"Parkersburg-Vienna, WV",Wood County,West Virginia
"Pensacola-Ferry Pass-Brent, FL",Escambia County,Florida
"Pensacola-Ferry Pass-Brent, FL",Santa Rosa County,Florida
"Peoria, IL",Fulton County,Illinois
"Peoria, IL",Marshall County,Illinois
"Peoria, IL",Peoria County,Illinois
"Peoria, IL",Stark County,Illinois
"Peoria, IL",Tazewell County,Illinois
"Peoria, IL",Woodford County,Illinois
"Philadelphia-Camden-Wilmington, PA-NJ-DE-MD",Burlington County,New Jersey
"Philadelphia-Camden-Wilmington, PA-NJ-DE-MD",Camden County,New Jersey
"Philadelphia-Camden-Wilmington, PA-NJ-DE-MD",Gloucester County,New Jersey
"Philadelphia-Camden-Wilmington, PA-NJ-DE-MD",Bucks County,Pennsylvania
"Philadelphia-Camden-Wilmington, PA-NJ-DE-MD",Chester County,Pennsylvania
"Philadelphia-Camden-Wilmington, PA-NJ-DE-MD",Montgomery County,Pennsylvania
"Philadelphia-Camden-Wilmington, PA-NJ-DE-MD",Delaware County,Pennsylvania
"Philadelphia-Camden-Wilmington, PA-NJ-DE-MD",Philadelphia County,Pennsylvania
"Philadelphia-Camden-Wilmington, PA-NJ-DE-MD",New Castle County,Delaware
"Philadelphia-Camden-Wilmington, PA-NJ-DE-MD",Cecil County,Maryland
"Philadelphia-Camden-Wilmington, PA-NJ-DE-MD",Salem County,New Jersey
"Phoenix-Mesa-Chandler, AZ",Maricopa County,Arizona
"Phoenix-Mesa-Chandler, AZ",Pinal County,Arizona
"Pine Bluff, AR",Cleveland County,Arkansas
"Pine Bluff, AR",Jefferson County,Arkansas
"Pine Bluff, AR",Lincoln County,Arkansas
"Pittsburgh, PA",Allegheny County,Pennsylvania
"Pittsburgh, PA",Armstrong County,Pennsylvania
"Pittsburgh, PA",Beaver County,Pennsylvania
"Pittsburgh, PA",Butler County,Pennsylvania
"Pittsburgh, PA",Fayette County,Pennsylvania
"Pittsburgh, PA",Washington County,Pennsylvania
"Pittsburgh, PA",Westmoreland County,Pennsylvania
"Pittsfield, MA",Berkshire County,Massachusetts
"Pocatello, ID",Bannock County,Idaho
"Pocatello, ID",Power County,Idaho
"Ponce, PR",Adjuntas Municipio,Puerto Rico
"Ponce, PR",Juana Díaz Municipio,Puerto Rico
"Ponce, PR",Ponce Municipio,Puerto Rico
"Ponce, PR",Villalba Municipio,Puerto Rico
"Portland-South Portland, ME",Cumberland County,Maine
"Portland-South Portland, ME",Sagadahoc County,Maine
"Portland-South Portland, ME",York County,Maine
"Portland-Vancouver-Hillsboro, OR-WA",Clackamas County,Oregon
"Portland-Vancouver-Hillsboro, OR-WA",Columbia County,Oregon
"Portland-Vancouver-Hillsboro, OR-WA",Multnomah County,Oregon
"Portland-Vancouver-Hillsboro, OR-WA",Washington County,Oregon
"Portland-Vancouver-Hillsboro, OR-WA",Yamhill County,Oregon
"Portland-Vancouver-Hillsboro, OR-WA",Clark County,Washington
"Portland-Vancouver-Hillsboro, OR-WA",Skamania County,Washington
"Port St. Lucie, FL",Martin County,Florida
"Port St. Lucie, FL",St. Lucie County,Florida
"Poughkeepsie-Newburgh-Middletown, NY",Dutchess County,New York
"Poughkeepsie-Newburgh-Middletown, NY",Orange County,New York
"Prescott Valley-Prescott, AZ",Yavapai County,Arizona
"Providence-Warwick, RI-MA",Bristol County,Massachusetts
"Providence-Warwick, RI-MA",Bristol County,Rhode Island
"Providence-Warwick, RI-MA",Kent County,Rhode Island
"Providence-Warwick, RI-MA",Newport County,Rhode Island
"Providence-Warwick, RI-MA",Providence County,Rhode Island
"Providence-Warwick, RI-MA",Washington County,Rhode Island
"Provo-Orem, UT",Juab County,Utah
"Provo-Orem, UT",Utah County,Utah
"Pueblo, CO",Pueblo County,Colorado
"Punta Gorda, FL",Charlotte County,Florida
"Racine, WI",Racine County,Wisconsin
"Raleigh-Cary, NC",Franklin County,North Carolina
"Raleigh-Cary, NC",Johnston County,North Carolina
"Raleigh-Cary, NC",Wake County,North Carolina
"Rapid City, SD",Meade County,South Dakota
"Rapid City, SD",Pennington County,South Dakota
"Reading, PA",Berks County,Pennsylvania
"Redding, CA",Shasta County,California
"Reno, NV",Storey County,Nevada
"Reno, NV",Washoe County,Nevada
"Richmond, VA",Amelia County,Virginia
"Richmond, VA",Charles City County,Virginia
"Richmond, VA",Chesterfield County,Virginia
"Richmond, VA",Dinwiddie County,Virginia
"Richmond, VA",Goochland County,Virginia
"Richmond, VA",Hanover County,Virginia
"Richmond, VA",Henrico County,Virginia
"Richmond, VA",King and Queen County,Virginia
"Richmond, VA",King William County,Virginia
"Richmond, VA",New Kent County,Virginia
"Richmond, VA",Powhatan County,Virginia
"Richmond, VA",Prince George County,Virginia
"Richmond, VA",Sussex County,Virginia
"Richmond, VA",Colonial Heights city,Virginia
"Richmond, VA",Hopewell city,Virginia
"Richmond, VA",Petersburg city,Virginia
"Richmond, VA",Richmond city,Virginia
"Riverside-San Bernardino-Ontario, CA",Riverside County,California
"Riverside-San Bernardino-Ontario, CA",San Bernardino County,California
"Roanoke, VA",Botetourt County,Virginia
"Roanoke, VA",Craig County,Virginia
"Roanoke, VA",Franklin County,Virginia
"Roanoke, VA",Roanoke County,Virginia
"Roanoke, VA",Roanoke city,Virginia
"Roanoke, VA",Salem city,Virginia
"Rochester, MN",Dodge County,Minnesota
"Rochester, MN",Fillmore County,Minnesota
"Rochester, MN",Olmsted County,Minnesota
"Rochester, MN",Wabasha County,Minnesota
"Rochester, NY",Livingston County,New York
"Rochester, NY",Monroe County,New York
"Rochester, NY",Ontario County,New York
"Rochester, NY",Orleans County,New York
"Rochester, NY",Wayne County,New York
"Rochester, NY",Yates County,New York
"Rockford, IL",Boone County,Illinois
"Rockford, IL",Winnebago County,Illinois
"Rocky Mount, NC",Edgecombe County,North Carolina
"Rocky Mount, NC",Nash County,North Carolina
"Rome, GA",Floyd County,Georgia
"Sacramento-Roseville-Folsom, CA",El Dorado County,California
"Sacramento-Roseville-Folsom, CA",Placer County,California
"Sacramento-Roseville-Folsom, CA",Sacramento County,California
"Sacramento-Roseville-Folsom, CA",Yolo County,California
"Saginaw, MI",Saginaw County,Michigan
"St. Cloud, MN",Benton County,Minnesota
"St. Cloud, MN",Stearns County,Minnesota
"St. George, UT",Washington County,Utah
"St. Joseph, MO-KS",Doniphan County,Kansas
"St. Joseph, MO-KS",Andrew County,Missouri
"St. Joseph, MO-KS",Buchanan County,Missouri
"St. Joseph, MO-KS",DeKalb County,Missouri
"St. Louis, MO-IL",Bond County,Illinois
"St. Louis, MO-IL",Calhoun County,Illinois
"St. Louis, MO-IL",Clinton County,Illinois
"St. Louis, MO-IL",Jersey County,Illinois
"St. Louis, MO-IL",Macoupin County,Illinois
"St. Louis, MO-IL",Madison County,Illinois
"St. Louis, MO-IL",Monroe County,Illinois
"St. Louis, MO-IL",St. Clair County,Illinois
"St. Louis, MO-IL",Franklin County,Missouri
"St. Louis, MO-IL",Jefferson County,Missouri
"St. Louis, MO-IL",Lincoln County,Missouri
"St. Louis, MO-IL",St. Charles County,Missouri
"St. Louis, MO-IL",St. Louis County,Missouri
"St. Louis, MO-IL",Warren County,Missouri
"St. Louis, MO-IL",St. Louis city,Missouri
"Salem, OR",Marion County,Oregon
"Salem, OR",Polk County,Oregon
"Salinas, CA",Monterey County,California
"Salisbury, MD-DE",Sussex County,Delaware
"Salisbury, MD-DE",Somerset County,Maryland
"Salisbury, MD-DE",Wicomico County,Maryland
"Salisbury, MD-DE",Worcester County,Maryland
"Salt Lake City, UT",Salt Lake County,Utah
"Salt Lake City, UT",Tooele County,Utah
"San Angelo, TX",Irion County,Texas
"San Angelo, TX",Sterling County,Texas
"San Angelo, TX",Tom Green County,Texas
"San Antonio-New Braunfels, TX",Atascosa County,Texas
"San Antonio-New Braunfels, TX",Bandera County,Texas
"San Antonio-New Braunfels, TX",Bexar County,Texas
"San Antonio-New Braunfels, TX",Comal County,Texas
"San Antonio-New Braunfels, TX",Guadalupe County,Texas
"San Antonio-New Braunfels, TX",Kendall County,Texas
"San Antonio-New Braunfels, TX",Medina County,Texas
"San Antonio-New Braunfels, TX",Wilson County,Texas
"San Diego-Chula Vista-Carlsbad, CA",San Diego County,California
"San Francisco-Oakland-Berkeley, CA",Alameda County,California
"San Francisco-Oakland-Berkeley, CA",Contra Costa County,California
"San Francisco-Oakland-Berkeley, CA",San Francisco County,California
"San Francisco-Oakland-Berkeley, CA",San Mateo County,California
"San Francisco-Oakland-Berkeley, CA",Marin County,California
"San Germán, PR",Cabo Rojo Municipio,Puerto Rico
"San Germán, PR",Lajas Municipio,Puerto Rico
"San Germán, PR",Sabana Grande Municipio,Puerto Rico
"San Germán, PR",San Germán Municipio,Puerto Rico
"San Jose-Sunnyvale-Santa Clara, CA",San Benito County,California
"San Jose-Sunnyvale-Santa Clara, CA",Santa Clara County,California
"San Juan-Bayamón-Caguas, PR",Aguas Buenas Municipio,Puerto Rico
"San Juan-Bayamón-Caguas, PR",Aibonito Municipio,Puerto Rico
"San Juan-Bayamón-Caguas, PR",Barceloneta Municipio,Puerto Rico
"San Juan-Bayamón-Caguas, PR",Barranquitas Municipio,Puerto Rico
"San Juan-Bayamón-Caguas, PR",Bayamón Municipio,Puerto Rico
"San Juan-Bayamón-Caguas, PR",Caguas Municipio,Puerto Rico
"San Juan-Bayamón-Caguas, PR",Canóvanas Municipio,Puerto Rico
"San Juan-Bayamón-Caguas, PR",Carolina Municipio,Puerto Rico
"San Juan-Bayamón-Caguas, PR",Cataño Municipio,Puerto Rico
"San Juan-Bayamón-Caguas, PR",Cayey Municipio,Puerto Rico
"San Juan-Bayamón-Caguas, PR",Ceiba Municipio,Puerto Rico
"San Juan-Bayamón-Caguas, PR",Ciales Municipio,Puerto Rico
"San Juan-Bayamón-Caguas, PR",Cidra Municipio,Puerto Rico
"San Juan-Bayamón-Caguas, PR",Comerío Municipio,Puerto Rico
"San Juan-Bayamón-Caguas, PR",Corozal Municipio,Puerto Rico
"San Juan-Bayamón-Caguas, PR",Dorado Municipio,Puerto Rico
"San Juan-Bayamón-Caguas, PR",Fajardo Municipio,Puerto Rico
"San Juan-Bayamón-Caguas, PR",Florida Municipio,Puerto Rico
"San Juan-Bayamón-Caguas, PR",Guaynabo Municipio,Puerto Rico
"San Juan-Bayamón-Caguas, PR",Gurabo Municipio,Puerto Rico
"San Juan-Bayamón-Caguas, PR",Humacao Municipio,Puerto Rico
"San Juan-Bayamón-Caguas, PR",Juncos Municipio,Puerto Rico
"San Juan-Bayamón-Caguas, PR",Las Piedras Municipio,Puerto Rico
"San Juan-Bayamón-Caguas, PR",Loíza Municipio,Puerto Rico
"San Juan-Bayamón-Caguas, PR",Luquillo Municipio,Puerto Rico
"San Juan-Bayamón-Caguas, PR",Manatí Municipio,Puerto Rico
"San Juan-Bayamón-Caguas, PR",Maunabo Municipio,Puerto Rico
"San Juan-Bayamón-Caguas, PR",Morovis Municipio,Puerto Rico
"San Juan-Bayamón-Caguas, PR",Naguabo Municipio,Puerto Rico
"San Juan-Bayamón-Caguas, PR",Naranjito Municipio,Puerto Rico
"San Juan-Bayamón-Caguas, PR",Orocovis Municipio,Puerto Rico
"San Juan-Bayamón-Caguas, PR",Río Grande Municipio,Puerto Rico
"San Juan-Bayamón-Caguas, PR",San Juan Municipio,Puerto Rico
"San Juan-Bayamón-Caguas, PR",San Lorenzo Municipio,Puerto Rico
"San Juan-Bayamón-Caguas, PR",Toa Alta Municipio,Puerto Rico
"San Juan-Bayamón-Caguas, PR",Toa Baja Municipio,Puerto Rico
"San Juan-Bayamón-Caguas, PR",Trujillo Alto Municipio,Puerto Rico
"San Juan-Bayamón-Caguas, PR",Vega Alta Municipio,Puerto Rico
"San Juan-Bayamón-Caguas, PR",Vega Baja Municipio,Puerto Rico
"San Juan-Bayamón-Caguas, PR",Yabucoa Municipio,Puerto Rico
"San Luis Obispo-Paso Robles, CA",San Luis Obispo County,California
"Santa Cruz-Watsonville, CA",Santa Cruz County,California
"Santa Fe, NM",Santa Fe County,New Mexico
"Santa Maria-Santa Barbara, CA",Santa Barbara County,California
"Santa Rosa-Petaluma, CA",Sonoma County,California
"Savannah, GA",Bryan County,Georgia
"Savannah, GA",Chatham County,Georgia
"Savannah, GA",Effingham County,Georgia
"Scranton--Wilkes-Barre, PA",Lackawanna County,Pennsylvania
"Scranton--Wilkes-Barre, PA",Luzerne County,Pennsylvania
"Scranton--Wilkes-Barre, PA",Wyoming County,Pennsylvania
"Seattle-Tacoma-Bellevue, WA",King County,Washington
"Seattle-Tacoma-Bellevue, WA",Snohomish County,Washington
"Seattle-Tacoma-Bellevue, WA",Pierce County,Washington
"Sebastian-Vero Beach, FL",Indian River County,Florida
"Sebring-Avon Park, FL",Highlands County,Florida
"Sheboygan, WI",Sheboygan County,Wisconsin
"Sherman-Denison, TX",Grayson County,Texas
"Shreveport-Bossier City, LA",Bossier Parish,Louisiana
"Shreveport-Bossier City, LA",Caddo Parish,Louisiana
"Shreveport-Bossier City, LA",De Soto Parish,Louisiana
"Sierra Vista-Douglas, AZ",Cochise County,Arizona
"Sioux City, IA-NE-SD",Woodbury County,Iowa
"Sioux City, IA-NE-SD",Dakota County,Nebraska
"Sioux City, IA-NE-SD",Dixon County,Nebraska
"Sioux City, IA-NE-SD",Union County,South Dakota
"Sioux Falls, SD",Lincoln County,South Dakota
"Sioux Falls, SD",McCook County,South Dakota
"Sioux Falls, SD",Minnehaha County,South Dakota
"Sioux Falls, SD",Turner County,South Dakota
"South Bend-Mishawaka, IN-MI",St. Joseph County,Indiana
"South Bend-Mishawaka, IN-MI",Cass County,Michigan
"Spartanburg, SC",Spartanburg County,South Carolina
"Spokane-Spokane Valley, WA",Spokane County,Washington
"Spokane-Spokane Valley, WA",Stevens County,Washington
"Springfield, IL",Menard County,Illinois
"Springfield, IL",Sangamon County,Illinois
"Springfield, MA",Franklin County,Massachusetts
"Springfield, MA",Hampden County,Massachusetts
"Springfield, MA",Hampshire County,Massachusetts
"Springfield, MO",Christian County,Missouri
"Springfield, MO",Dallas County,Missouri
"Springfield, MO",Greene County,Missouri
"Springfield, MO",Polk County,Missouri
"Springfield, MO",Webster County,Missouri
"Springfield, OH",Clark County,Ohio
"State College, PA",Centre County,Pennsylvania
"Staunton, VA",Augusta County,Virginia
"Staunton, VA",Staunton city,Virginia
"Staunton, VA",Waynesboro city,Virginia
"Stockton, CA",San Joaquin County,California
"Sumter, SC",Clarendon County,South Carolina
"Sumter, SC",Sumter County,South Carolina
"Syracuse, NY",Madison County,New York
"Syracuse, NY",Onondaga County,New York
"Syracuse, NY",Oswego County,New York
"Tallahassee, FL",Gadsden County,Florida
"Tallahassee, FL",Jefferson County,Florida
"Tallahassee, FL",Leon County,Florida
"Tallahassee, FL",Wakulla County,Florida
"Tampa-St. Petersburg-Clearwater, FL",Hernando County,Florida
"Tampa-St. Petersburg-Clearwater, FL",Hillsborough County,Florida
"Tampa-St. Petersburg-Clearwater, FL",Pasco County,Florida
"Tampa-St. Petersburg-Clearwater, FL",Pinellas County,Florida
"Terre Haute, IN",Clay County,Indiana
"Terre Haute, IN",Parke County,Indiana
"Terre Haute, IN",Sullivan County,Indiana
"Terre Haute, IN",Vermillion County,Indiana
"Terre Haute, IN",Vigo County,Indiana
"Texarkana, TX-AR",Little River County,Arkansas
"Texarkana, TX-AR",Miller County,Arkansas
"Texarkana, TX-AR",Bowie County,Texas
"The Villages, FL",Sumter County,Florida
"Toledo, OH",Fulton County,Ohio
"Toledo, OH",Lucas County,Ohio
"Toledo, OH",Ottawa County,Ohio
"Toledo, OH",Wood County,Ohio
"Topeka, KS",Jackson County,Kansas
"Topeka, KS",Jefferson County,Kansas
"Topeka, KS",Osage County,Kansas
"Topeka, KS",Shawnee County,Kansas
"Topeka, KS",Wabaunsee County,Kansas
"Trenton-Princeton, NJ",Mercer County,New Jersey
"Tucson, AZ",Pima County,Arizona
"Tulsa, OK",Creek County,Oklahoma
"Tulsa, OK",Okmulgee County,Oklahoma
"Tulsa, OK",Osage County,Oklahoma
"Tulsa, OK",Pawnee County,Oklahoma
"Tulsa, OK",Rogers County,Oklahoma
"Tulsa, OK",Tulsa County,Oklahoma
"Tulsa, OK",Wagoner County,Oklahoma
"Tuscaloosa, AL",Greene County,Alabama
"Tuscaloosa, AL",Hale County,Alabama
"Tuscaloosa, AL",Pickens County,Alabama
"Tuscaloosa, AL",Tuscaloosa County,Alabama
"Twin Falls, ID",Jerome County,Idaho
"Twin Falls, ID",Twin Falls County,Idaho
"Tyler, TX",Smith County,Texas
"Urban Honolulu, HI",Honolulu County,Hawaii
"Utica-Rome, NY",Herkimer County,New York
"Utica-Rome, NY",Oneida County,New York
"Valdosta, GA",Brooks County,Georgia
"Valdosta, GA",Echols County,Georgia
"Valdosta, GA",Lanier County,Georgia
"Valdosta, GA",Lowndes County,Georgia
"Vallejo, CA",Solano County,California
"Victoria, TX",Goliad County,Texas
"Victoria, TX",Victoria County,Texas
"Vineland-Bridgeton, NJ",Cumberland County,New Jersey
"Virginia Beach-Norfolk-Newport News, VA-NC",Camden County,North Carolina
"Virginia Beach-Norfolk-Newport News, VA-NC",Currituck County,North Carolina
"Virginia Beach-Norfolk-Newport News, VA-NC",Gates County,North Carolina
"Virginia Beach-Norfolk-Newport News, VA-NC",Gloucester County,Virginia
"Virginia Beach-Norfolk-Newport News, VA-NC",Isle of Wight County,Virginia
"Virginia Beach-Norfolk-Newport News, VA-NC",James City County,Virginia
"Virginia Beach-Norfolk-Newport News, VA-NC",Mathews County,Virginia
"Virginia Beach-Norfolk-Newport News, VA-NC",Southampton County,Virginia
"Virginia Beach-Norfolk-Newport News, VA-NC",York County,Virginia
"Virginia Beach-Norfolk-Newport News, VA-NC",Chesapeake city,Virginia
"Virginia Beach-Norfolk-Newport News, VA-NC",Franklin city,Virginia
"Virginia Beach-Norfolk-Newport News, VA-NC",Hampton city,Virginia
"Virginia Beach-Norfolk-Newport News, VA-NC",Newport News city,Virginia
"Virginia Beach-Norfolk-Newport News, VA-NC",Norfolk city,Virginia
"Virginia Beach-Norfolk-Newport News, VA-NC",Poquoson city,Virginia
"Virginia Beach-Norfolk-Newport News, VA-NC",Portsmouth city,Virginia
"Virginia Beach-Norfolk-Newport News, VA-NC",Suffolk city,Virginia
"Virginia Beach-Norfolk-Newport News, VA-NC",Virginia Beach city,Virginia
"Virginia Beach-Norfolk-Newport News, VA-NC",Williamsburg city,Virginia
"Visalia, CA",Tulare County,California
"Waco, TX",Falls County,Texas
"Waco, TX",McLennan County,Texas
"Walla Walla, WA",Walla Walla County,Washington
"Warner Robins, GA",Houston County,Georgia
"Warner Robins, GA",Peach County,Georgia
"Washington-Arlington-Alexandria, DC-VA-MD-WV",Frederick County,Maryland
"Washington-Arlington-Alexandria, DC-VA-MD-WV",Montgomery County,Maryland
"Washington-Arlington-Alexandria, DC-VA-MD-WV",District of Columbia,District of Columbia
"Washington-Arlington-Alexandria, DC-VA-MD-WV",Calvert County,Maryland
"Washington-Arlington-Alexandria, DC-VA-MD-WV",Charles County,Maryland
"Washington-Arlington-Alexandria, DC-VA-MD-WV",Prince George's County,Maryland
"Washington-Arlington-Alexandria, DC-VA-MD-WV",Arlington County,Virginia
"Washington-Arlington-Alexandria, DC-VA-MD-WV",Clarke County,Virginia
"Washington-Arlington-Alexandria, DC-VA-MD-WV",Culpeper County,Virginia
"Washington-Arlington-Alexandria, DC-VA-MD-WV",Fairfax County,Virginia
"Washington-Arlington-Alexandria, DC-VA-MD-WV",Fauquier County,Virginia
"Washington-Arlington-Alexandria, DC-VA-MD-WV",Loudoun County,Virginia
"Washington-Arlington-Alexandria, DC-VA-MD-WV",Madison County,Virginia
"Washington-Arlington-Alexandria, DC-VA-MD-WV",Prince William County,Virginia
"Washington-Arlington-Alexandria, DC-VA-MD-WV",Rappahannock County,Virginia
"Washington-Arlington-Alexandria, DC-VA-MD-WV",Spotsylvania County,Virginia
"Washington-Arlington-Alexandria, DC-VA-MD-WV",Stafford County,Virginia
"Washington-Arlington-Alexandria, DC-VA-MD-WV",Warren County,Virginia
"Washington-Arlington-Alexandria, DC-VA-MD-WV",Alexandria city,Virginia
"Washington-Arlington-Alexandria, DC-VA-MD-WV",Fairfax city,Virginia
"Washington-Arlington-Alexandria, DC-VA-MD-WV",Falls Church city,Virginia
"Washington-Arlington-Alexandria, DC-VA-MD-WV",Fredericksburg city,Virginia
"Washington-Arlington-Alexandria, DC-VA-MD-WV",Manassas city,Virginia
"Washington-Arlington-Alexandria, DC-VA-MD-WV",Manassas Park city,Virginia
"Washington-Arlington-Alexandria, DC-VA-MD-WV",Jefferson County,West Virginia
"Waterloo-Cedar Falls, IA",Black Hawk County,Iowa
"Waterloo-Cedar Falls, IA",Bremer County,Iowa
"Waterloo-Cedar Falls, IA",Grundy County,Iowa
"Watertown-Fort Drum, NY",Jefferson County,New York
"Wausau-Weston, WI",Lincoln County,Wisconsin
"Wausau-Weston, WI",Marathon County,Wisconsin
"Weirton-Steubenville, WV-OH",Jefferson County,Ohio
"Weirton-Steubenville, WV-OH",Brooke County,West Virginia
"Weirton-Steubenville, WV-OH",Hancock County,West Virginia
"Wenatchee, WA",Chelan County,Washington
"Wenatchee, WA",Douglas County,Washington
"Wheeling, WV-OH",Belmont County,Ohio
"Wheeling, WV-OH",Marshall County,West Virginia
"Wheeling, WV-OH",Ohio County,West Virginia
"Wichita, KS",Butler County,Kansas
"Wichita, KS",Harvey County,Kansas
"Wichita, KS",Sedgwick County,Kansas
"Wichita, KS",Sumner County,Kansas
"Wichita Falls, TX",Archer County,Texas
"Wichita Falls, TX",Clay County,Texas
"Wichita Falls, TX",Wichita County,Texas
"Williamsport, PA",Lycoming County,Pennsylvania
"Wilmington, NC",New Hanover County,North Carolina
"Wilmington, NC",Pender County,North Carolina
"Winchester, VA-WV",Frederick County,Virginia
"Winchester, VA-WV",Winchester city,Virginia
"Winchester, VA-WV",Hampshire County,West Virginia
"Winston-Salem, NC",Davidson County,North Carolina
"Winston-Salem, NC",Davie County,North Carolina
"Winston-Salem, NC",Forsyth County,North Carolina
"Winston-Salem, NC",Stokes County,North Carolina
"Winston-Salem, NC",Yadkin County,North Carolina
"Worcester, MA-CT",Windham County,Connecticut
"Worcester, MA-CT",Worcester County,Massachusetts
"Yakima, WA",Yakima County,Washington
"Yauco, PR",Guánica Municipio,Puerto Rico
"Yauco, PR",Guayanilla Municipio,Puerto Rico
"Yauco, PR",Peñuelas Municipio,Puerto Rico
"Yauco, PR",Yauco Municipio,Puerto Rico
"York-Hanover, PA",York County,Pennsylvania
"Youngstown-Warren-Boardman, OH-PA",Mahoning County,Ohio
"Youngstown-Warren-Boardman, OH-PA",Trumbull County,Ohio
"Youngstown-Warren-Boardman, OH-PA",Mercer County,Pennsylvania
"Yuba City, CA",Sutter County,California
"Yuba City, CA",Yuba County,California
"Yuma, AZ",Yuma County,Arizona
